customer_id,name,username,password,salary,raise
100800,Kevin Diaz,kdiaz42n,12345_5,7659.44,0.019165183028555927
100801,Deborah Hurst,dhurst51h,12345_7,3696.57,0.005005742993509139
100802,Dr. Austin Morrow,daustin60.,12345_3,8161.45,0.007604904756626154
100803,Kimberly May,kmay32y,12345_8,6872.03,0.018878429379546452
100804,Bryce Ramos,bramos52e,12345_5,3681.68,0.005124787349810345
100805,David Lewis,dlewis52d,12345_5,4059.06,0.0009650519707631667
100806,Robin Houston,rhouston72n,12345_5,7965.51,0.008694771022361119
100807,Rebecca Briggs,rbriggs61a,12345_7,6885.96,0.01812992009518565
100808,Jacob Burton,jburton62b,12345_5,4988.23,0.005798907753379774
100809,Larry Chavez,lchavez62y,12345_5,5682.18,0.01560830094609278
100810,David Miller,dmiller62d,12345_5,7300.3,0.0033965829542419736
100811,Jason Salazar,jsalazar72n,12345_5,6688.77,0.01854404952412303
100812,Melissa Smith,msmith51a,12345_7,5149.61,0.005806883672471186
100813,Robert Howard,rhoward60t,12345_6,8169.31,0.01673619373996442
100814,Kristin Irwin,kirwin51n,12345_7,4064.33,0.01714660317041534
100815,Stephanie Cruz,scruz40e,12345_9,3728.81,0.0011962763746651173
100816,Mrs. Jennifer Benson,mjennifer81.,12345_4,7036.56,0.004404644691724084
100817,Clarence Johnson,cjohnson72e,12345_8,5906.84,0.011698163746237314
100818,Anthony Ibarra,aibarra61y,12345_7,4656.18,0.006764702178716704
100819,David Lee,dlee32d,12345_5,7795.94,0.016524917315538293
100820,Ryan Short,rshort51n,12345_4,5388.91,0.005772749387047625
100821,Peggy Smith,psmith52y,12345_5,9210.85,0.004390238030330851
100822,Katelyn Robinson,krobinson81n,12345_7,5902.72,0.007078156574926819
100823,Michelle Rogers,mrogers62e,12345_8,7410.28,0.0004990566896687954
100824,Maria Campbell,mcampbell82a,12345_5,145.77,0.000936472338148493
100825,Matthew Bridges,mbridges71w,12345_7,5893.07,0.0026501853768955996
100826,Robert Chapman,rchapman70t,12345_6,4378.13,0.006709156988015001
100827,Andrea Chaney,achaney60a,12345_6,3787.39,0.011333253190207202
100828,Tyrone Lewis,tlewis50e,12345_6,6941.12,0.005726294990946899
100829,Chelsey Chavez,cchavez61y,12345_7,6663.12,0.009356014350785062
100830,Lauren Hernandez,lhernandez90n,12345_6,4546.94,0.006944409010587269
100831,Holly Burns,hburns52y,12345_5,4217.42,0.008031426885692972
100832,Thomas Silva,tsilva50s,12345_6,7790.81,0.015395615968569714
100833,Carolyn Keller,ckeller61n,12345_7,8652.43,0.01366939124374316
100834,Louis Gray,lgray42s,12345_5,7634.05,0.014164178133064607
100835,Austin Brewer,abrewer60n,12345_6,6982.15,0.009198629862019875
100836,Kathryn Pineda,kpineda61n,12345_7,6756.48,0.012908067989898513
100837,Joshua Young,jyoung50a,12345_6,6184.96,0.0037229358850280293
100838,April Moore MD,amoore52l,12345_5,3426.91,0.01606484770915496
100839,Richard Lee,rlee31d,12345_7,8537.65,0.004827171360734419
100840,Katherine Young,kyoung50e,12345_9,5912.63,0.003059884531208044
100841,Veronica Hampton,vhampton72a,12345_8,4650.17,0.003994100795670035
100842,Jonathan Paul,jpaul42n,12345_8,6213.98,0.004555035458307444
100843,Karen Barber,kbarber62n,12345_5,6765.0,0.003678689814822349
100844,Christina Wilkins,cwilkins70a,12345_9,4959.54,0.00408290480712235
100845,Kelly Thomas,kthomas62y,12345_5,6160.4,0.011514116287120726
100846,Crystal Murphy,cmurphy61l,12345_7,6805.65,0.0019569843295203417
100847,Corey Sandoval,csandoval82y,12345_5,7443.54,0.011852120779105333
100848,Amanda Black DDS,ablack50a,12345_6,5196.35,0.014710702336633937
100849,Kristen Caldwell,kcaldwell81n,12345_7,5084.14,0.0008789332395815586
100850,Stephen Stanley,sstanley71n,12345_7,6282.43,0.007743570728938718
100851,Andre Copeland,acopeland82e,12345_5,9581.64,0.009308036502136916
100852,Megan Henderson,mhenderson92n,12345_5,6319.91,0.00910118788768977
100853,Steven Barnett,sbarnett70n,12345_6,6699.59,0.00023243487946739583
100854,Debra Oneal,doneal52a,12345_5,6996.8,0.015823282521720987
100855,Jennifer Matthews,jmatthews82r,12345_8,6045.32,0.016453460477631673
100856,Virginia Ali,vali32a,12345_8,6624.39,0.019121978447480398
100857,Lori Stewart,lstewart71i,12345_4,4279.52,0.019654009527513845
100858,Jane Maldonado,jmaldonado91e,12345_4,3480.15,0.01832934271493775
100859,Michael Foster,mfoster61l,12345_7,7630.86,0.006108601639172084
100860,Julia Burton,jburton62a,12345_5,5663.85,0.01224041005206076
100861,Kathleen Bonilla,kbonilla72n,12345_8,6604.26,0.01587038016139056
100862,Patrick Parker,pparker61k,12345_7,5345.21,0.01812452235081299
100863,Melissa Bradford,mbradford81a,12345_7,7754.68,0.0036366323661992683
100864,Thomas Roberts,troberts70s,12345_6,5552.29,0.004032926995674992
100865,Michael Thomas,mthomas61l,12345_7,6609.26,0.01666279899847445
100866,Paul Miller,pmiller61l,12345_4,5141.91,0.002101873369018665
100867,Erik Mcdaniel,emcdaniel81k,12345_4,9134.61,0.008682750835850715
100868,Stephanie Kidd,skidd40e,12345_9,4941.03,0.005603053145679719
100869,Vickie Estrada,vestrada70e,12345_6,7211.29,0.007552540213782908
100870,Alexis Lopez,alopez50s,12345_6,7261.61,0.011795397134807005
100871,Benjamin Castillo,bcastillo82n,12345_8,3765.16,0.00040340467122992776
100872,James Suarez,jsuarez62s,12345_5,5438.93,0.014569952935708006
100873,Jamie Rosario,jrosario72e,12345_5,7251.13,0.0006178472954322989
100874,Jose Bradshaw,jbradshaw81e,12345_4,3745.58,0.0017265265267534025
100875,Mark Woods,mwoods51k,12345_4,7033.89,0.018204509807786994
100876,Kevin Wolfe,kwolfe52n,12345_5,5593.85,0.013517027163274962
100877,Jeremy Perez,jperez50y,12345_6,8127.95,0.002167104675988556
100878,Michael Ramirez,mramirez71l,12345_7,5911.32,0.015330732593832408
100879,Matthew Brock,mbrock51w,12345_7,7885.33,0.00812270140732654
100880,Samantha Pacheco,spacheco72a,12345_8,7796.14,0.0032665918104859307
100881,Victor Cooley,vcooley60r,12345_6,3744.17,0.017656672689405396
100882,Thomas Johnston,tjohnston80s,12345_6,6190.75,0.013006547451196167
100883,Timothy Richardson,trichardson101y,12345_7,9494.72,0.004685413785195565
100884,James Price,jprice52s,12345_5,7095.02,0.009392415127086183
100885,Brandon Nash,bnash41n,12345_7,7567.77,0.016186521552621496
100886,Brandon Douglas,bdouglas71n,12345_7,5109.47,0.0049240330334430074
100887,Corey Wong,cwong42y,12345_5,6742.21,0.001732512496955594
100888,Crystal Singh,csingh51l,12345_7,4200.66,0.005506652124208915
100889,Mario Stewart,mstewart72o,12345_5,6090.6,0.017235478525500426
100890,Stephanie Rivera,srivera60e,12345_9,6487.46,0.008864646923776824
100891,Jacqueline King,jking41e,12345_10,5945.74,0.012674038484566759
100892,Ryan Johnson,rjohnson71n,12345_4,4582.25,0.01707902804937843
100893,Susan Jones,sjones52n,12345_5,6143.32,0.004451313758895692
100894,Shane Hughes,shughes62e,12345_5,3604.43,0.0024974303294744817
100895,Andrew Heath,aheath50w,12345_6,4049.52,0.018142271328009423
100896,Albert Garcia,agarcia60t,12345_6,5910.67,0.019400051487406405
100897,Sherri Greene,sgreene60i,12345_6,5532.96,0.016572222032960274
100898,Christopher Mccarthy,cmccarthy82r,12345_11,7504.49,0.01161898983078949
100899,Hunter Bates,hbates50r,12345_6,3136.07,0.013079307157650938
100900,Donna Hughes,dhughes62a,12345_5,3445.77,0.018484103452725095
100901,Troy Johnson,tjohnson71y,12345_4,4741.73,0.019140605136683204
100902,Christopher Howard,choward62r,12345_11,2964.67,0.01822294729628
100903,Samantha Mcdaniel,smcdaniel82a,12345_8,3844.6,0.0033863628187610906
100904,Sharon Barber,sbarber60n,12345_6,5937.07,0.0033125541059052742
100905,Leslie Gonzales,lgonzales80e,12345_6,4048.02,0.008787762285824428
100906,Juan Alexander,jalexander91n,12345_4,5420.32,0.0032717050821995564
100907,Morgan Randall,mrandall70n,12345_6,6787.46,0.006136038379150714
100908,Charles Nichols,cnichols71s,12345_7,6065.53,0.013927145305748805
100909,Nicole Little,nlittle60e,12345_6,8164.54,0.017770899188748114
100910,Megan Rivera,mrivera62n,12345_5,7221.15,0.007506889711588514
100911,Brandon Woods,bwoods51n,12345_7,4490.33,1.962783590403916e-05
100912,Barbara Schroeder,bschroeder91a,12345_7,4256.84,0.00021230892507299705
100913,Heather Guerrero,hguerrero81r,12345_7,7074.11,0.009860725229795714
100914,Taylor Robinson,trobinson80r,12345_6,3106.58,0.010533900341904106
100915,Travis Williams,twilliams80s,12345_6,7638.98,0.01809712179192871
100916,Peter Rogers,progers62r,12345_5,3964.98,0.007609878968059427
100917,Amy Holmes,aholmes60y,12345_3,7557.34,0.00017441343216418437
100918,Haley Nelson,hnelson62y,12345_5,7791.09,0.007678281653429203
100919,Christina Cameron,ccameron70a,12345_9,5404.96,0.0043726008926970655
100920,Paula Lucas,plucas52a,12345_5,4578.37,0.018488948904637554
100921,George Harrison,gharrison80e,12345_6,5274.32,0.01690698401536952
100922,David Allen,dallen52d,12345_5,6904.42,0.002276712325190702
100923,Jeff Carter,jcarter61f,12345_4,7109.36,0.01965332198067929
100924,Frank Martinez,fmartinez82k,12345_5,6301.44,0.0101726801937586
100925,Melissa Stafford,mstafford81a,12345_7,6110.47,0.01494246279960268
100926,Christian White,cwhite50n,12345_9,4553.31,0.007806702691931915
100927,Christine Garza,cgarza50e,12345_9,4429.33,0.00029438581043311096
100928,Linda Carey,lcarey52a,12345_5,6272.07,0.010363650026297673
100929,Mr. James Ellis MD,mjames50.,12345_3,8264.57,0.015506356326102715
100930,Joseph Oconnor,joconnor70h,12345_6,4665.49,0.015057979428582453
100931,Jennifer Cox,jcox32r,12345_8,7757.58,0.009399465924738353
100932,Alicia Silva,asilva50a,12345_6,7127.12,0.012316683665598346
100933,Michael Conley,mconley61l,12345_7,5763.26,0.0004210279645599901
100934,Cole Harris,charris61e,12345_4,4107.2,0.0006273901724884534
100935,Hannah Jennings,hjennings80h,12345_6,5800.02,0.0023715306208053643
100936,Jordan Todd,jtodd40n,12345_6,2321.84,0.01571596698203903
100937,Joshua Butler,jbutler60a,12345_6,5910.5,0.01277287681520252
100938,Keith Wilkins,kwilkins72h,12345_5,9217.47,0.0025713693825290987
100939,Cheryl Stone,cstone50l,12345_6,6296.14,0.011994428732504154
100940,James Edwards,jedwards72s,12345_5,7305.43,0.013231605446195038
100941,Colleen Richardson,crichardson101n,12345_7,6231.71,0.008186855889809472
100942,Neil Smith,nsmith51l,12345_4,6064.9,0.018976810558069088
100943,Yvonne Wade,ywade40e,12345_6,3539.91,0.01959231484145543
100944,Ashley King,aking40y,12345_6,7900.37,0.013218110889637615
100945,Mary Robinson,mrobinson81y,12345_4,4547.86,0.01588597839470892
100946,Gregory Mccoy,gmccoy51y,12345_7,3456.36,0.01915629298562654
100947,Mr. Frank Davis PhD,mfrank50.,12345_3,6261.88,0.019598330512445927
100948,Troy Christensen,tchristensen111y,12345_4,7004.22,0.016782011109915323
100949,Candace Harrison,charrison81e,12345_7,2969.08,0.0030408488939045707
100950,Stefanie Hernandez,shernandez92e,12345_8,4756.4,0.012377118783152464
100951,Joe Little,jlittle60e,12345_3,5697.97,0.011145627929637088
100952,Kelly Davis,kdavis52y,12345_5,3222.23,0.009102297306683637
100953,Amanda Walsh,awalsh50a,12345_6,8516.6,0.018042939877303973
100954,Charles Wilson,cwilson61s,12345_7,7382.67,0.007301600791304655
100955,Emily Lambert,elambert72y,12345_5,3508.79,0.006844432925139274
100956,Tracy Andrews MD,tandrews72y,12345_5,2607.15,0.012345434136133383
100957,Stephen Murray,smurray61n,12345_7,4801.97,0.01894937431580622
100958,Joel Thompson,jthompson81l,12345_4,6047.51,0.0012117050689787058
100959,Yvette Jackson,yjackson70e,12345_6,7182.17,0.0131024122431216
100960,Anthony Green,agreen51y,12345_7,4217.82,0.005561465182245078
100961,Shannon Cannon,scannon61n,12345_7,4215.42,0.006565749429879657
100962,Brittany Weaver,bweaver62y,12345_8,6006.17,0.011282150208436382
100963,Erica Fletcher,efletcher82a,12345_5,7925.49,0.013294561257013447
100964,Erica Moore,emoore52a,12345_5,6855.19,0.017709330812631804
100965,Diane Ramsey DDS,dramsey62e,12345_5,4245.75,0.015531191855040068
100966,Jeffrey Andrade,jandrade71y,12345_7,4092.79,2.250401029137983e-05
100967,Lawrence Murray,lmurray62e,12345_8,4714.68,0.016918933194675176
100968,Gerald Lewis,glewis50d,12345_6,4235.58,0.0013445159765002668
100969,Aaron Harrison,aharrison82n,12345_5,5681.04,0.00736554687325498
100970,Chris Copeland,ccopeland82s,12345_5,4176.93,0.016628073856050765
100971,John Alexander,jalexander91n,12345_4,5639.26,0.0008093607142308024
100972,Stephanie King,sking40e,12345_9,5162.25,0.007664999130859507
100973,Scott Martinez,smartinez82t,12345_5,7637.59,0.016218718624983756
100974,Joseph Harris,jharris60h,12345_6,7090.57,0.014497156663986073
100975,James Francis,jfrancis72s,12345_5,5139.98,0.014156792881298655
100976,Scott Hess,shess42t,12345_5,3786.86,0.005116331936574799
100977,Jenna Gonzalez,jgonzalez82a,12345_5,4709.93,0.0028308759151382023
100978,Rachel Morris,rmorris60l,12345_6,5903.05,0.012736503140578358
100979,Kurt Marks,kmarks51t,12345_4,6519.34,0.008441150566520393
100980,Cindy Joyce,cjoyce52y,12345_5,6557.33,0.004175738223075087
100981,David Vazquez,dvazquez72d,12345_5,7434.18,0.013651650867678998
100982,Adam Lee,alee31m,12345_4,6097.09,0.014676158535925297
100983,Michelle Reed,mreed42e,12345_8,4966.12,0.014237947444128317
100984,Sharon Acevedo,sacevedo70n,12345_6,3261.99,0.0130997020830708
100985,Nicholas Curry,ncurry52s,12345_8,5709.3,0.0160851134699043
100986,Caleb Villegas,cvillegas82b,12345_5,6759.91,0.005617518993624966
100987,Tyler Davis,tdavis52r,12345_5,6782.72,0.0073467658103582405
100988,Chloe Colon,ccolon52e,12345_5,5646.83,0.01937924705774045
100989,Patricia Wright,pwright62a,12345_8,4467.45,0.012604622029560418
100990,Allison Hunt,ahunt41n,12345_7,5438.94,0.004381549161807308
100991,Dennis Alexander,dalexander90s,12345_6,6568.06,0.009677844633884904
100992,Jennifer Cooper,jcooper62r,12345_8,3322.49,0.00236745575072254
100993,Tracy Johnson,tjohnson72y,12345_5,8165.53,0.010773600396790801
100994,Steven Hernandez,shernandez90n,12345_6,5381.52,0.019009864434628262
100995,Marcus Kelly,mkelly50s,12345_6,6764.63,0.008902492101564343
100996,Timothy Villegas,tvillegas81y,12345_7,6179.16,0.007037891636145572
100997,Melody Bush,mbush40y,12345_6,7908.98,0.001291471864323719
100998,Alexandra Maxwell,amaxwell70a,12345_9,6939.64,0.004011733055763396
100000,George Smith,gsmith50e,12345_6,2918.61,0.012516149244443974
100001,Lorraine Wilson,lwilson62e,12345_8,7174.07,0.015883599111944695
100002,Lisa Hoffman,lhoffman71a,12345_4,8751.26,0.012984770063973068
100003,Sarah Cline,scline52h,12345_5,5985.13,0.007825875598768494
100004,Travis Johnson,tjohnson70s,12345_6,5257.38,0.0035261504535145116
100005,Kristopher Cardenas,kcardenas81r,12345_10,5644.65,0.015288473342835016
100006,Brian Kelly,bkelly52n,12345_5,6031.45,0.013669563742342477
100007,Michelle Branch,mbranch62e,12345_8,5962.99,0.00030778444081978055
100008,Kristen Miller,kmiller61n,12345_7,5408.58,0.0018070066542029961
100009,Megan Meadows,mmeadows72n,12345_5,4889.32,0.013055170220060006
100010,Katherine Nelson,knelson60e,12345_9,7356.08,0.005217901735643895
100011,James Cunningham,jcunningham102s,12345_5,3823.95,0.002496691143246217
100012,Michelle Rodriguez,mrodriguez92e,12345_8,7211.86,0.018905797783091156
100013,Susan Moreno MD,smoreno62n,12345_5,7259.01,0.012866368252114974
100014,Anthony Allison,aallison71y,12345_7,6503.17,0.018023771737873825
100015,Michelle Miller,mmiller62e,12345_8,6889.17,0.006770942912982965
100016,Mark Leon,mleon41k,12345_4,5458.54,0.0018642002426631121
100017,James Turner,jturner62s,12345_5,5741.19,0.01824745276580368
100018,Gilbert James,gjames51t,12345_7,6431.15,0.01873971185775904
100019,Wayne Tanner,wtanner62e,12345_5,2616.59,0.010263411717198937
100020,William Rivera,wrivera61m,12345_7,8699.02,0.01209869334982906
100021,Heidi Kennedy,hkennedy72i,12345_5,4009.65,0.019286909951445438
100022,Jennifer Barnett,jbarnett72r,12345_8,6081.02,0.004241304746486143
100023,Carol Wright,cwright62l,12345_5,4723.6,0.000740423382662605
100024,Chad Collins,ccollins71d,12345_4,6385.25,0.0015232276035318049
100025,Tony Porter,tporter61y,12345_4,7778.65,0.01617882431719482
100026,Selena Fields,sfields60a,12345_6,5399.79,0.013078791503377436
100027,Anthony Ali,aali31y,12345_7,7416.61,0.004265945990565742
100028,Kara Mcpherson,kmcpherson91a,12345_4,5919.0,0.009852985182849867
100029,Jeffery Kelley,jkelley61y,12345_7,7728.51,0.00220000004306101
100030,Nicolas Larson,nlarson61s,12345_7,4026.25,0.015536894888480087
100031,Brianna Graham,bgraham61a,12345_7,1856.91,0.01254619352790027
100032,Antonio Taylor,ataylor61o,12345_7,3382.28,0.005093289564914707
100033,Cody Key,ckey31y,12345_4,6793.64,0.009345206317631097
100034,John Kelley,jkelley61n,12345_4,7144.37,0.001672235421025734
100035,Gloria Smith,gsmith50a,12345_6,5766.83,0.0014231568852835009
100036,Mr. Ryan Wagner,mryan40.,12345_3,9537.36,0.01794923659935316
100037,Peter Khan,pkhan42r,12345_5,1863.22,0.01795946145048498
100038,Samantha Adams,sadams52a,12345_8,3674.01,0.014064621625789997
100039,Melinda Moran,mmoran51a,12345_7,5598.52,0.012679567982521983
100040,Jose Huber,jhuber51e,12345_4,5891.17,0.017122763036053847
100041,Alexander Higgins,ahiggins70r,12345_9,3321.81,0.014502548902095309
100042,Brian Weaver,bweaver62n,12345_5,4249.58,0.012173524018571203
100043,Angela Randall,arandall70a,12345_6,10158.54,0.019554518877455917
100044,Anthony Perkins,aperkins71y,12345_7,2739.74,0.0025177268638886118
100045,Lori Rogers,lrogers61i,12345_4,2287.58,0.012992704966314222
100046,Melanie Clark,mclark51e,12345_7,5703.86,0.015606631932482146
100047,Brett Cook,bcook42t,12345_5,3635.22,0.0011504964549470698
100048,Gregory Spencer,gspencer71y,12345_7,5100.9,0.004863167496669658
100049,Matthew Mccullough,mmccullough101w,12345_7,5381.49,0.01016594508036498
100050,Brandon Collins,bcollins71n,12345_7,6094.64,0.016658066640647624
100051,Scott Lopez,slopez52t,12345_5,6049.52,0.003953230912388865
100052,Michelle Marshall,mmarshall82e,12345_8,5371.35,0.004613898395880957
100053,Bernard Vasquez,bvasquez71d,12345_7,4568.77,0.017577183332328033
100054,Teresa Parker,tparker60a,12345_6,6555.24,0.004695640041099596
100055,Ronald Wilson,rwilson60d,12345_6,3909.47,0.012442926246488
100056,Barbara Martinez,bmartinez81a,12345_7,6580.65,0.011391898773302087
100057,Linda Stephenson,lstephenson102a,12345_5,2651.73,0.016606090223999472
100058,Kevin Jones,kjones52n,12345_5,7368.14,0.0027376661216058683
100059,Courtney Schultz,cschultz72y,12345_8,4795.52,0.0010323018197956001
100060,Eric Welch,ewelch51c,12345_4,6344.94,0.012288846492435342
100061,Richard Miller,rmiller61d,12345_7,1265.33,0.006007453729084105
100062,Diana Sims,dsims42a,12345_5,6518.0,0.0026437863281916687
100063,Cory Walker,cwalker61y,12345_4,7128.01,0.012831721347577759
100064,Erika Parker,eparker62a,12345_5,8251.06,0.018199415995707895
100065,Alexandra Hamilton,ahamilton80a,12345_9,5106.71,0.014834769663787512
100066,Robert Garcia,rgarcia60t,12345_6,5784.6,0.007411680891482451
100067,Benjamin Wilson,bwilson62n,12345_8,4547.48,0.006528206237612324
100068,Mr. Chase Shelton,mchase50.,12345_3,6209.57,0.0167137729889837
100069,Angel Lewis,alewis52l,12345_5,6488.74,0.004274042290307272
100070,Melanie Newton,mnewton61e,12345_7,4482.56,0.013110826165247396
100071,Kimberly Shepherd,kshepherd82y,12345_8,5570.4,0.008538747269153341
100072,Maria Smith,msmith52a,12345_5,4534.32,0.002393069963793577
100073,Brandon Mendoza,bmendoza71n,12345_7,3452.84,0.012171116087649215
100074,Jason Anderson,janderson82n,12345_5,7529.65,0.012779728673827635
100075,Ann Ortiz,aortiz50n,12345_3,5579.21,0.012170793659324533
100076,Thomas Martin,tmartin60s,12345_6,5868.77,0.0028695362515931276
100077,Brent Weber,bweber52t,12345_5,3630.29,0.010641346627915103
100078,Michelle Thompson,mthompson82e,12345_8,5827.62,0.0027241920224742146
100079,Dana Hatfield,dhatfield81a,12345_4,5952.49,0.014527246468736444
100080,John Huff,jhuff41n,12345_4,7425.71,0.0110826916867095
100081,Jonathan Velasquez,jvelasquez92n,12345_8,7674.37,0.012158469255925414
100082,David Sandoval,dsandoval82d,12345_5,7685.0,0.011206192527211197
100083,Heather Paul,hpaul41r,12345_7,6490.93,0.016593749145430367
100084,Scott Evans PhD,sevans52t,12345_5,7436.2,0.015429956766261473
100085,Linda Johnson,ljohnson72a,12345_5,4820.74,0.0018518317737868562
100086,Amy Robinson,arobinson80y,12345_3,7871.51,0.008465113263004118
100087,Patricia Fernandez,pfernandez92a,12345_8,7877.93,0.00797494904853888
100088,Ashley Jones,ajones50y,12345_6,4660.93,0.01737068372242861
100089,Michele Robinson,mrobinson81e,12345_7,4977.57,0.015994037436940344
100090,Michael Lewis,mlewis51l,12345_7,8129.76,0.002834044754400462
100091,Joseph Liu,jliu30h,12345_6,3567.53,0.010298424841331878
100092,Christine Castillo,ccastillo80e,12345_9,7583.68,0.015106022240732271
100093,Veronica Andrews,vandrews72a,12345_8,6371.96,2.3449616390462948e-05
100094,Megan Tucker,mtucker62n,12345_5,5369.03,0.014829544668681314
100095,Tracy Sanders,tsanders72y,12345_5,3594.79,0.007203043151433433
100096,Nicholas Colon,ncolon52s,12345_8,3288.88,0.005667879626661974
100097,Kimberly Brooks,kbrooks62y,12345_8,2424.84,0.019228321833830535
100098,Melissa Allen,mallen51a,12345_7,4186.22,0.006639922296935941
100099,William Flores,wflores61m,12345_7,4558.46,0.0018242617235280157
100100,James Lopez,jlopez52s,12345_5,5969.45,0.0015533845426681059
100101,Kyle Roberts,kroberts71e,12345_4,4961.38,0.001007076177919417
100102,Tamara Fields,tfields60a,12345_6,8836.78,0.003829381939929557
100103,David Graham,dgraham62d,12345_5,11265.73,0.0014105651488165716
100104,Stacey Anderson,sanderson80y,12345_6,5123.0,0.00694230168363569
100105,Eric Banks,ebanks51c,12345_4,5774.97,0.007759438223452348
100106,Ian Fuentes,ifuentes70n,12345_3,7050.84,0.0035296922255855347
100107,Keith Galvan,kgalvan62h,12345_5,2545.83,0.014109028626267638
100108,Brent Calhoun,bcalhoun72t,12345_5,6933.46,0.00013167560903337483
100109,Janet Hoffman,jhoffman72t,12345_5,5910.79,0.019882798213704086
100110,Brandy Brown,bbrown50y,12345_6,6912.51,0.004447588828722799
100111,Michelle Johnson,mjohnson72e,12345_8,2025.62,0.014061363993053522
100112,Tasha Rojas,trojas52a,12345_5,4043.75,0.004407311738738076
100113,Lacey Bryant,lbryant62y,12345_5,8075.49,0.0023080786423216207
100114,Ryan Brooks,rbrooks61n,12345_4,4066.7,0.009765084286651684
100115,Collin Sims,csims40n,12345_6,4950.82,0.01252503206873455
100116,Jose Hopkins,jhopkins71e,12345_4,6334.9,0.0070968480243049714
100117,Daniel Gonzalez,dgonzalez80l,12345_6,4984.53,0.007688946025135033
100118,Kayla Robbins,krobbins72a,12345_5,5935.37,0.00235844734274022
100119,Diana Banks,dbanks52a,12345_5,3416.25,0.012964097493476436
100120,John Johnson,jjohnson71n,12345_4,4750.25,0.005448022595404525
100121,Alexandra Obrien,aobrien60a,12345_9,4808.77,0.014925236045031844
100122,Juan Black,jblack51n,12345_4,8621.91,0.013707079565262419
100123,Dale Fitzgerald,dfitzgerald101e,12345_4,6008.33,0.014690805166917554
100124,Andrew Hill,ahill40w,12345_6,5083.33,0.0020285857135734255
100125,Barry Smith,bsmith52y,12345_5,3290.22,0.007158451764635223
100126,Ronald Morris,rmorris60d,12345_6,5379.44,0.010073192011898149
100127,George Brown,gbrown50e,12345_6,6292.23,0.010762053937640917
100128,Edward Perry,eperry50d,12345_6,5726.51,8.992488898422302e-05
100129,Ernest Huang,ehuang50t,12345_6,10341.3,0.009720406736139584
100130,Chris Banks,cbanks52s,12345_5,5565.92,0.012908984672802909
100131,Heather Wilkins,hwilkins71r,12345_7,6015.5,0.016988469229373904
100132,Elizabeth Smith,esmith50h,12345_9,3971.91,0.005832792874454045
100133,Jason Hudson,jhudson62n,12345_5,4012.32,0.011759724936593517
100134,Dr. James Washington,djames50.,12345_3,7817.88,0.01627958009794518
100135,Angela Reeves,areeves60a,12345_6,4464.44,0.010029377918585207
100136,Daniel Mclaughlin,dmclaughlin100l,12345_6,4333.06,0.00978089832229143
100137,Luis Murphy,lmurphy61s,12345_4,4559.15,0.00438167780700883
100138,Christopher Solomon,csolomon72r,12345_11,4672.13,0.004526428223806571
100139,Haley Payne,hpayne52y,12345_5,5990.6,0.004952308323338563
100140,Mary Martinez,mmartinez81y,12345_4,5636.2,0.011097074635519991
100141,Tony Morris,tmorris61y,12345_4,5081.76,0.013570784510707444
100142,Heather Rowe,hrowe41r,12345_7,6002.87,0.013637210099156267
100143,Timothy Chase,tchase51y,12345_7,6842.52,0.0013525407941195077
100144,Erica Booth,ebooth52a,12345_5,4709.25,0.007589992743605725
100145,Marissa Brady,mbrady51a,12345_7,8783.64,0.003500408693820016
100146,Kathryn Camacho,kcamacho71n,12345_7,5239.46,0.013924314582702909
100147,Lisa Harrison,lharrison81a,12345_4,5174.08,0.007304183111212841
100148,Vincent Barnett,vbarnett71t,12345_7,5224.44,0.012938131459109492
100149,Dawn Ali,dali31n,12345_4,4351.56,0.010427338951247051
100150,Jennifer Moore,jmoore52r,12345_8,6309.36,0.010685282418794736
100151,Robert Morris,rmorris60t,12345_6,7728.72,0.017641031110027953
100152,Gregory Smith,gsmith51y,12345_7,2769.19,0.00567641660217616
100153,Kevin Daniels,kdaniels72n,12345_5,5082.88,0.01002391652658234
100154,Joshua Jones,jjones50a,12345_6,7355.14,0.007400085738870903
100155,Manuel Nelson,mnelson60l,12345_6,5618.7,0.006130743490394532
100156,Kimberly Brennan,kbrennan72y,12345_8,5093.62,0.004400820045442444
100157,Hailey Navarro,hnavarro70y,12345_6,3576.76,0.006979191140932972
100158,Jennifer Rice,jrice42r,12345_8,3085.62,0.0014459320378465512
100159,Glenn Smith,gsmith52n,12345_5,5038.18,0.01827174875463848
100160,Diana Harris,dharris62a,12345_5,5461.85,0.0019440036933688766
100161,Crystal Jones,cjones51l,12345_7,4014.6,0.01607217517187749
100162,Scott Thomas,sthomas62t,12345_5,6652.49,0.005975938216690793
100163,James Gardner,jgardner72s,12345_5,4009.34,0.016111889727271757
100164,Emily Gray,egray42y,12345_5,7931.28,0.003689092000278567
100165,Mr. Adam Klein,madam40.,12345_3,7465.26,0.013351060279242101
100166,Paul Thomas,pthomas61l,12345_4,5310.06,0.017065980720861563
100167,Jasmine Harris,jharris61e,12345_7,6255.88,0.00401664679043239
100168,Samantha Lopez,slopez52a,12345_8,7265.13,0.004115488690491167
100169,Leslie Smith,lsmith50e,12345_6,4534.23,0.005370756215340756
100170,Jenny Fields,jfields62y,12345_5,4885.85,0.0017633231594252963
100171,Erin Long,elong41n,12345_4,4184.48,0.008692025109757045
100172,Stephanie Peck,speck40e,12345_9,5892.75,0.0108918910836827
100173,Eric Davis,edavis51c,12345_4,2586.06,0.0023858409369818556
100174,Paul Johnson,pjohnson71l,12345_4,6824.75,0.008502677671001555
100175,Christopher Anderson,canderson82r,12345_11,1633.23,0.0189437086131588
100176,Kristi Parker,kparker60i,12345_6,4742.14,0.013244514576175589
100177,Danny Walker,dwalker62y,12345_5,6079.83,0.003843904518821031
100178,Seth Webb,swebb41h,12345_4,4143.59,0.00047556360646626054
100179,Phillip Wilkerson,pwilkerson91p,12345_7,5663.53,0.01543156320930253
100180,Edward Hanna,ehanna50d,12345_6,1786.94,0.011243458294458705
100181,Noah Pena,npena41h,12345_4,8109.12,0.008313933152892802
100182,Cindy Dean,cdean42y,12345_5,6667.62,0.016739201549554116
100183,John Hall,jhall41n,12345_4,5268.29,0.002998041814698125
100184,Emily Wilkins,ewilkins72y,12345_5,2603.58,0.009135483685001111
100185,Brandy Oneal,boneal50y,12345_6,6771.61,0.0011810252601356598
100186,Martin Thomas,mthomas60n,12345_6,4347.9,0.0006805799473300489
100187,Michael Wood,mwood41l,12345_7,3524.54,0.013228831013373224
100188,Ronald Mendez,rmendez60d,12345_6,7982.21,0.005706326484363869
100189,Gina Silva,gsilva51a,12345_4,4262.98,0.0018928841173779976
100190,Jeff Swanson,jswanson71f,12345_4,6238.81,0.011748437309007072
100191,Sarah Roberson,sroberson82h,12345_5,4438.47,0.001050214176492097
100192,Nicholas Johnson,njohnson72s,12345_8,5056.15,0.00858837293949942
100193,Jennifer Blair,jblair52r,12345_8,5138.57,0.016867095112939573
100194,Charles Thornton,cthornton81s,12345_7,6677.04,0.01528936614153248
100195,Justin Nelson,jnelson60n,12345_6,2306.72,0.007984397385794442
100196,Victor Stevens,vstevens70r,12345_6,6734.54,0.015803336731395664
100197,Alyssa Grant,agrant50a,12345_6,7364.65,0.011764441374692758
100198,Amber Hampton,ahampton72r,12345_5,2605.19,0.0032790498639256294
100199,Kimberly Davis,kdavis52y,12345_8,5107.61,0.017485236167851012
100200,Benjamin Peters,bpeters62n,12345_8,6569.58,0.012391365280743735
100201,Justin Larsen,jlarsen60n,12345_6,4416.05,0.018415286068072387
100202,Raymond Hammond,rhammond71d,12345_7,4667.58,0.011938011549466646
100203,Jennifer Collins,jcollins72r,12345_8,5287.62,0.002186662827870134
100204,Matthew Perez,mperez51w,12345_7,6040.5,0.011901694365762359
100205,Joshua Martinez,jmartinez80a,12345_6,8943.73,0.0005243538686620397
100206,Paul Cole,pcole41l,12345_4,3466.12,0.011220275455985172
100207,William Rodriguez,wrodriguez91m,12345_7,4360.07,0.017375742997005898
100208,Kevin Smith,ksmith52n,12345_5,6780.41,0.0037862616879265443
100209,Robin Ramirez,rramirez72n,12345_5,3527.29,0.005708093762143578
100210,Jason Odom,jodom42n,12345_5,5515.18,0.008775259896719175
100211,Nathan Lang,nlang40n,12345_6,7514.69,0.01546461150966822
100212,Jennifer Johnson,jjohnson72r,12345_8,5834.86,0.01188031132884246
100213,Christopher Phillips,cphillips82r,12345_11,4220.66,0.017922507795173674
100214,Martin Sparks,msparks60n,12345_6,3014.74,0.0057621438410778445
100215,Brittany Graham,bgraham62y,12345_8,6847.08,0.015449635468843478
100216,Jeremiah Bartlett,jbartlett82h,12345_8,6205.45,0.008309877311486516
100217,Jose Bright,jbright61e,12345_4,4823.6,0.004089332958447729
100218,Christine Jordan,cjordan60e,12345_9,2702.93,0.0006620074330257752
100219,Rachel Murray,rmurray60l,12345_6,7255.43,0.0044294180279762195
100220,Melissa Brown,mbrown51a,12345_7,4807.55,0.0023415864681658816
100221,Dennis Campbell,dcampbell80s,12345_6,8454.49,0.01101242505231018
100222,Shannon Jones,sjones51n,12345_7,7547.47,0.009596187237184193
100223,Briana Hernandez,bhernandez90a,12345_6,8505.35,0.008298378819282321
100224,Michael Hester,mhester61l,12345_7,7618.31,0.01090708696078729
100225,Brian Miller,bmiller62n,12345_5,3938.43,0.012343313419506593
100226,Clarence Mcneil,cmcneil62e,12345_8,4105.42,0.0060116777007902435
100227,Tiffany Mcclain,tmcclain71y,12345_7,6264.36,0.006265355273089301
100228,Robert Greene,rgreene60t,12345_6,4686.64,0.008277399905905201
100229,David Clark,dclark52d,12345_5,4669.94,0.01544619591321536
100230,Jerry Harrell,jharrell72y,12345_5,6515.82,0.00324868299376238
100231,Christina Ballard,cballard70a,12345_9,4717.26,0.016896443789348153
100232,Wendy Whitney,wwhitney72y,12345_5,6827.19,0.012940741579497459
100233,Jacqueline Alexander,jalexander91e,12345_10,2848.25,0.009957349907784864
100234,Andrew Johnson,ajohnson70w,12345_6,7546.06,0.011307942163276217
100235,Paula Lane,plane42a,12345_5,8153.08,0.015368356737766327
100236,Cheryl Hurst,churst50l,12345_6,6850.52,0.007371917936099501
100237,Patrick Clay,pclay41k,12345_7,9746.0,0.012242204866903465
100238,Micheal Howard,mhoward61l,12345_7,8070.85,0.0015707524027534902
100239,Ashley Garcia,agarcia60y,12345_6,6873.72,0.01768563254725149
100240,Christina Dunn,cdunn40a,12345_9,7197.69,0.0080673870939034
100241,Peter Holmes,pholmes62r,12345_5,5814.68,0.009410399403414952
100242,Aaron Lara,alara42n,12345_5,4485.91,0.018957895656294143
100243,Jason Shepherd,jshepherd82n,12345_5,4102.29,0.00020805171864371586
100244,Elizabeth Allen,eallen50h,12345_9,5137.68,0.007955251799597465
100245,Lauren George,lgeorge60n,12345_6,6348.23,0.003412772527919472
100246,Robin Robinson,rrobinson82n,12345_5,4993.97,0.018549929359317475
100247,Devin Valdez,dvaldez62n,12345_5,3650.36,0.007547187172390453
100248,Angela Ingram,aingram60a,12345_6,2751.62,0.007629081684709822
100249,Douglas Anderson,danderson81s,12345_7,6600.06,0.010654897992844359
100250,Edward Stark,estark50d,12345_6,7212.16,0.004507542371766606
100251,Joshua Cummings,jcummings80a,12345_6,6114.18,0.0028832717296666055
100252,Angela Miles,amiles50a,12345_6,7125.62,0.012118842741510592
100253,Mrs. Brandy Hansen,mbrandy61.,12345_4,6341.23,0.0012168396748790356
100254,Dana Nichols,dnichols71a,12345_4,7061.16,0.011633195711970499
100255,Tyler Hughes,thughes62r,12345_5,7347.94,0.004479478766306159
100256,Natalie Dean,ndean41e,12345_7,7941.17,0.009477675587226245
100257,Keith Hudson,khudson62h,12345_5,5783.52,0.013541614518607479
100258,Donna Keller,dkeller62a,12345_5,4790.97,0.014366241078025116
100259,Thomas Ellis,tellis50s,12345_6,7427.53,0.009500412709020231
100260,Travis Donovan,tdonovan70s,12345_6,8176.7,0.0004892413922645877
100261,Roger Morgan,rmorgan62r,12345_5,4732.97,0.01818175826271012
100262,Annette White,awhite51e,12345_7,7796.78,0.0009660314766332445
100263,Rebecca Roberts,rroberts71a,12345_7,5475.15,0.008369677377842062
100264,David Ferguson,dferguson82d,12345_5,2505.77,0.013953110509239489
100265,Melissa Arnold,marnold61a,12345_7,7182.58,0.014412331300477988
100266,James Griffith,jgriffith82s,12345_5,7104.85,0.013007912808128477
100267,Sarah Gomez,sgomez52h,12345_5,6171.8,0.009231424888871144
100268,Sheila Peterson,speterson80a,12345_6,9907.09,0.014815304500073201
100269,Christopher Bullock,cbullock72r,12345_11,3270.38,0.011612239235892632
100270,Christian Pham,cpham40n,12345_9,6482.5,0.0015854538761952775
100271,Paul Rose,prose41l,12345_4,5707.84,0.0069121333938854225
100272,Robert Oneill,roneill60t,12345_6,3506.69,0.015399339923335361
100273,Lori Bond,lbond41i,12345_4,7863.75,0.01183692917057904
100274,Courtney Williams,cwilliams82y,12345_8,4160.93,0.017651746697257754
100275,Kaitlyn Gibbs,kgibbs51n,12345_7,5172.85,0.003387552771430891
100276,Aaron Kaufman,akaufman72n,12345_5,6334.75,0.003245271604248692
100277,Richard Hall,rhall41d,12345_7,5275.94,0.0014075419871625462
100278,Mariah Bowers,mbowers60h,12345_6,3460.41,0.0003025401645740322
100279,Brittany Smith,bsmith52y,12345_8,8710.19,0.0004359409009320836
100280,Morgan Peterson,mpeterson80n,12345_6,5152.42,0.00993594236362784
100281,Theresa Gonzales,tgonzales81a,12345_7,9679.18,0.017884531458656212
100282,Diana Caldwell,dcaldwell82a,12345_5,5970.57,0.008575783584406436
100283,Amanda Cabrera,acabrera70a,12345_6,5537.45,0.010755871556686772
100284,Ann Hill,ahill40n,12345_3,2449.86,0.00460313698910862
100285,Mr. Jeremy Simon,mjeremy60.,12345_3,6502.21,0.017284047449378826
100286,Robert Harris,rharris60t,12345_6,4911.77,0.0036639521478882544
100287,Ashley Orr,aorr30y,12345_6,5720.52,0.0014036629510281262
100288,Andre Hopkins,ahopkins72e,12345_5,4447.28,0.01791350411640506
100289,William Hall,whall41m,12345_7,4857.66,0.0015324566181749066
100290,Joseph Pittman,jpittman70h,12345_6,6118.75,0.007414474173830528
100291,Shelby Vasquez,svasquez70y,12345_6,5636.82,0.003317258627167259
100292,Chris Hart,chart42s,12345_5,7080.79,0.005798370766698296
100293,Matthew Allen,mallen51w,12345_7,6091.57,0.01228958296705686
100294,Madison Brown,mbrown51n,12345_7,7515.18,0.009403069635748648
100295,Haley Taylor,htaylor62y,12345_5,7761.47,0.0031177382352209947
100296,Justin Bonilla,jbonilla70n,12345_6,6207.97,0.006139938830905693
100297,Colleen Griffin,cgriffin71n,12345_7,7277.63,0.013851285041570079
100298,Autumn Johnson,ajohnson70n,12345_6,5393.45,0.0012578937586410954
100299,Mary Dyer,mdyer41y,12345_4,4169.79,0.005806552222122368
100300,Carol Rodriguez,crodriguez92l,12345_5,5928.74,0.014427171317516831
100301,Adriana Diaz,adiaz41a,12345_7,6490.42,0.017469986586435865
100302,Natasha Meyer,nmeyer51a,12345_7,5761.33,0.0022627683962434487
100303,Tiffany Castro,tcastro61y,12345_7,4242.43,0.00578909041069357
100304,Kaylee Morgan,kmorgan60e,12345_6,6878.47,0.0031195862159914545
100305,Alan Dougherty,adougherty91n,12345_4,5823.35,0.01820244707742913
100306,Chad Watts,cwatts51d,12345_4,4760.12,0.01743736750941908
100307,Rachel Christian,rchristian90l,12345_6,7047.1,0.0007630851427899699
100308,Kathleen Stone,kstone52n,12345_8,6867.52,0.01812432752526878
100309,Megan Boyd,mboyd42n,12345_5,4548.7,0.015505622925429266
100310,Lawrence Hobbs,lhobbs52e,12345_8,6088.05,0.003383899316994481
100311,Robert Clark,rclark50t,12345_6,6341.12,0.015026927137736464
100312,John Cunningham,jcunningham101n,12345_4,2249.45,0.0010318008401413903
100313,Melissa Martin,mmartin61a,12345_7,6293.63,0.004152921855695946
100314,Jerry Gibson,jgibson62y,12345_5,5995.75,0.008385568638875848
100315,Stephanie Green,sgreen50e,12345_9,5330.86,0.015970519484360794
100316,Julie Lewis,jlewis52e,12345_5,7625.04,0.015738759738033948
100317,Maria Kelley,mkelley62a,12345_5,6781.37,0.004621963735243975
100318,Carrie Payne,cpayne50e,12345_6,11143.76,0.01573884148372042
100319,Dr. Caleb Carrillo MD,dcaleb50.,12345_3,4129.72,0.011022723465986766
100320,Adrian Smith,asmith50n,12345_6,7463.05,0.0006248040850635395
100321,Erik Rocha,erocha51k,12345_4,2761.92,0.009507604565271303
100322,Kimberly Oneal,koneal52y,12345_8,6858.54,0.016593285305914588
100323,Lisa Barton,lbarton61a,12345_4,6732.28,0.006059699651757918
100324,Margaret Munoz,mmunoz52t,12345_8,9117.38,0.01721315183634548
100325,Gary White,gwhite51y,12345_4,6726.56,0.003630821333676355
100326,April Tyler,atyler52l,12345_5,5568.61,0.015090292419026484
100327,Michael Hansen,mhansen61l,12345_7,5974.87,0.012039690066590019
100328,Keith Gallegos,kgallegos82h,12345_5,6228.14,0.007753860664048689
100329,Joseph Gilbert,jgilbert70h,12345_6,7781.69,0.011752679559480502
100330,Stephanie Smith,ssmith50e,12345_9,6925.89,0.00859886643302916
100331,Pamela Todd,ptodd40a,12345_6,6365.2,0.0004874713566620947
100332,Deborah Myers,dmyers51h,12345_7,10149.44,0.004119398675207961
100333,Mary Estrada,mestrada71y,12345_4,4921.19,0.008011955357771256
100334,Sarah Townsend,stownsend82h,12345_5,6233.32,0.015231290175094407
100335,Terri Fischer,tfischer72i,12345_5,8822.22,0.0123333426905622
100336,Victoria Henry,vhenry52a,12345_8,4925.35,0.01526322913199362
100337,Michael Long,mlong41l,12345_7,6619.11,7.62366431199224e-05
100338,Steven Lester,slester60n,12345_6,5080.34,0.01808964155952368
100339,Stacey Reynolds,sreynolds80y,12345_6,5168.7,0.014641081968567043
100340,Audrey Moore,amoore50y,12345_6,3241.22,0.0089431504941575
100341,Eric Torres,etorres61c,12345_4,8370.24,0.0039760007347834445
100342,Julie Cardenas,jcardenas82e,12345_5,4333.59,0.01088992404585419
100343,Latoya Sanchez,lsanchez70a,12345_6,4909.69,0.01356572559708225
100344,Betty Campbell,bcampbell82y,12345_5,6033.52,0.006740067481529008
100345,Emily Sullivan,esullivan82y,12345_5,7068.26,0.014807108313765756
100346,Brittany Yu,byu22y,12345_8,4098.22,0.0155330036272258
100347,Brandon Hart,bhart41n,12345_7,2170.45,0.015461614619683567
100348,Benjamin Todd,btodd42n,12345_8,6294.53,0.016857082694720606
100349,Peter Johns,pjohns52r,12345_5,8026.86,0.011038312480647197
100350,Kimberly Palmer,kpalmer62y,12345_8,5318.22,0.004049504024227721
100351,Christopher Edwards,cedwards72r,12345_11,8562.42,0.019258509765230237
100352,Dr. Thomas Kaufman,dthomas60.,12345_3,9707.19,0.009657645909774802
100353,Earl Gilmore,egilmore71l,12345_4,4936.95,0.015752844349322198
100354,Justin Davis,jdavis50n,12345_6,5028.7,0.002945027859344109
100355,James Morgan,jmorgan62s,12345_5,5226.52,0.011280145274284172
100356,Valerie Carey,vcarey51e,12345_7,8043.56,0.009959418614577878
100357,Patricia Dixon DVM,pdixon52a,12345_8,8103.29,0.012310144218027667
100358,Ryan Miller,rmiller61n,12345_4,5741.05,0.016833694177619887
100359,Cassandra King,cking40a,12345_9,5827.16,0.009994618071117217
100360,Nicholas Espinoza,nespinoza82s,12345_8,4820.56,0.005448191674523282
100361,Marcus Ferguson,mferguson80s,12345_6,3591.89,0.0025500641808669047
100362,Jason Hernandez,jhernandez92n,12345_5,5746.16,6.1002639931704296e-05
100363,Susan Gibson,sgibson62n,12345_5,5061.87,0.004379221495734733
100364,Dawn Jones,djones51n,12345_4,4122.81,0.006561841237706763
100365,Lauren Livingston,llivingston100n,12345_6,4260.03,0.01189748630345489
100366,Michael Williams,mwilliams81l,12345_7,5568.94,0.0009217515917822583
100367,Tracy White,twhite52y,12345_5,6267.35,0.007448060340896512
100368,Shelley Bailey,sbailey61y,12345_7,4813.39,0.01949255087943352
100369,Ryan Pena,rpena41n,12345_4,6311.25,0.009386132834763321
100370,Melanie Lee,mlee31e,12345_7,5057.8,0.016114266226079924
100371,Benjamin Orozco,borozco62n,12345_8,7336.75,0.0186456419615597
100372,Joseph Hayes,jhayes50h,12345_6,5030.06,0.012142660272997364
100373,Joel Holmes,jholmes61l,12345_4,7469.96,0.003028062814899395
100374,Brandon Wells,bwells51n,12345_7,5915.66,0.013559701575940202
100375,James Rangel,jrangel62s,12345_5,4055.41,0.01583350360421709
100376,Brian Tucker,btucker62n,12345_5,6734.7,0.005954014124405105
100377,Valerie Gardner,vgardner71e,12345_7,5228.65,0.0035369827253828334
100378,Robin Carter,rcarter62n,12345_5,7017.86,0.009687811513331939
100379,Joel Brown,jbrown51l,12345_4,8272.54,0.010332892487624947
100380,Stacy Lara DVM,slara42y,12345_5,1963.06,0.012528261330187068
100381,Christina Suarez,csuarez60a,12345_9,5335.22,0.0023765814286776776
100382,Peter Smith,psmith52r,12345_5,6052.94,0.00931227470526776
100383,Tammy Wolf,twolf42y,12345_5,6937.28,0.010630665180376205
100384,Brian Moore,bmoore52n,12345_5,5938.26,0.0016235373176864388
100385,Jose Franklin,jfranklin81e,12345_4,5401.82,0.010183606669807223
100386,Stacey Vincent,svincent70y,12345_6,9291.85,0.016987098622053675
100387,Amanda Neal,aneal40a,12345_6,7733.46,0.010321979133867261
100388,Thomas Hanson,thanson60s,12345_6,5587.68,0.01087365072156951
100389,Megan Whitehead,mwhitehead92n,12345_5,8808.26,0.006623454903046891
100390,Joseph Jones,jjones50h,12345_6,2821.65,0.01658503846554728
100391,Kevin Ferguson,kferguson82n,12345_5,5936.56,0.017305090651752602
100392,Lisa Rhodes,lrhodes61a,12345_4,6714.18,0.011861686701664702
100393,Jason Duncan,jduncan62n,12345_5,7449.0,0.012910517370931272
100394,Cody Wood,cwood41y,12345_4,5698.42,0.01677397503565724
100395,Russell Rivera,rrivera61l,12345_7,5086.74,0.001168478267577613
100396,Nicholas Koch,nkoch42s,12345_8,5023.97,0.016021922372683118
100397,Andrew Kim,akim30w,12345_6,6623.67,0.012345372262373394
100398,Aaron Mcneil,amcneil62n,12345_5,5167.45,0.01722648803378455
100399,Robert Hardin,rhardin60t,12345_6,6557.55,0.015325981118804729
100400,Zachary Miller,zmiller61y,12345_7,6221.23,0.019064822968699307
100401,Carlos Payne,cpayne50s,12345_6,6484.58,0.007962672824213536
100402,Jason Mason,jmason52n,12345_5,4335.97,0.0004713955080145427
100403,Ashley Hensley,ahensley70y,12345_6,5280.27,0.015367581917715737
100404,Patricia Morris,pmorris62a,12345_8,5526.61,0.017329633990863118
100405,Timothy Pugh,tpugh41y,12345_7,7647.99,0.01664386954780693
100406,Julie Pitts,jpitts52e,12345_5,4562.11,0.017964858491016006
100407,Joseph Yates,jyates50h,12345_6,5165.78,0.0067222345853039924
100408,Julie Thomas,jthomas62e,12345_5,5393.5,0.006012250531971408
100409,Judy Jones,jjones51y,12345_4,5290.88,0.017854252166368035
100410,John Melton,jmelton61n,12345_4,9870.68,0.009676064032093116
100411,Crystal Salinas,csalinas71l,12345_7,4250.35,0.01567337592041565
100412,Felicia Moreno,fmoreno61a,12345_7,5660.83,2.2473835654168718e-06
100413,Anthony Miller,amiller61y,12345_7,6529.36,0.014270450395978166
100414,Grace Johnson,gjohnson72e,12345_5,4503.35,0.0008501876801905484
100415,Matthew Barrett,mbarrett71w,12345_7,7078.12,0.002849238850235931
100416,Christopher Elliott,celliott72r,12345_11,8509.85,0.015393138256465487
100417,Brandon Gibbs,bgibbs51n,12345_7,5721.35,0.0007357674395719549
100418,John Bryan,jbryan51n,12345_4,860.43,0.002719600447469619
100419,Bethany Tanner,btanner61y,12345_7,7847.93,0.007860931966980074
100420,Daniel Hutchinson,dhutchinson100l,12345_6,6830.61,0.013666500245401773
100421,Shelby Young,syoung50y,12345_6,6362.04,0.019873344708178583
100422,Daniel Rogers,drogers60l,12345_6,6410.08,0.013244956466144413
100423,Katherine Small MD,ksmall50e,12345_9,6350.81,0.0032217550473777504
100424,Bobby Smith,bsmith52y,12345_5,4494.45,0.006021958763062878
100425,Dana Woods,dwoods51a,12345_4,7354.64,0.009204433175335654
100426,Brian Davidson,bdavidson82n,12345_5,5498.61,0.009826901250995475
100427,Sandra Ramirez,sramirez70a,12345_6,6584.79,0.007856597029808673
100428,Garrett Trevino,gtrevino71t,12345_7,2654.58,0.0022881337253563895
100429,Austin Coffey,acoffey60n,12345_6,6059.41,0.007408702667456142
100430,Michael Hale,mhale41l,12345_7,7141.89,0.01913090638420097
100431,Robert Mitchell,rmitchell80t,12345_6,7429.6,0.009685495977705265
100432,William Henderson,whenderson91m,12345_7,4413.09,0.01314391804030636
100433,Tracy Hill,thill42y,12345_5,4403.2,0.0013355672223407168
100434,Jason Nelson,jnelson62n,12345_5,8136.55,0.019673940890715336
100435,Alejandro Harrison,aharrison80o,12345_9,5256.36,0.015796418864767594
100436,Joanna Mercado,jmercado70a,12345_6,5363.21,0.012980618696301183
100437,Carlos Parker,cparker60s,12345_6,5178.23,0.01803008359722823
100438,David Lambert DDS,dlambert72d,12345_5,6280.42,0.010370303495184266
100439,Alan Murphy,amurphy61n,12345_4,4715.66,0.01047064963943612
100440,Donna Lopez,dlopez52a,12345_5,8035.97,0.00037802739153437905
100441,Kevin Rice,krice42n,12345_5,3725.52,0.003980846703712246
100442,Joseph Newman,jnewman60h,12345_6,3843.95,0.018911850128414145
100443,Michelle Holmes,mholmes62e,12345_8,6469.72,0.005936855485031081
100444,Kayla Jones,kjones52a,12345_5,8596.56,0.006650190288779358
100445,Matthew Moore,mmoore51w,12345_7,4014.15,0.004043261306587831
100446,Victor Walsh,vwalsh50r,12345_6,6250.83,0.00904408751090328
100447,Amy Wolf,awolf40y,12345_3,7133.11,0.010379631899817976
100448,Ricky Mason,rmason52y,12345_5,6497.62,0.012998005503012151
100449,Brooke Mitchell,bmitchell80e,12345_6,6952.79,0.004046087696115772
100450,Keith Lara,klara42h,12345_5,4736.67,0.010452157259179229
100451,Jorge Clark,jclark52e,12345_5,7465.93,0.01590268069591281
100452,Brian Chen,bchen42n,12345_5,6218.51,0.016579240113619293
100453,Katrina Lee,klee31a,12345_7,8548.15,0.00047987883456894974
100454,Gregory Wolf,gwolf41y,12345_7,5717.0,0.0122611185665457
100455,Martin Palmer,mpalmer60n,12345_6,8004.8,0.018222011616629074
100456,Jennifer Taylor,jtaylor62r,12345_8,8068.52,0.015917317637794
100457,Fernando Brown,fbrown52o,12345_8,5495.48,0.014944949260013652
100458,Penny Davis,pdavis52y,12345_5,6995.94,0.015692020332081634
100459,Anthony Clark,aclark51y,12345_7,10644.19,0.018269224409250436
100460,Betty Singleton,bsingleton92y,12345_5,2146.65,0.009548971434094129
100461,Clinton Adams,cadams51n,12345_7,6232.83,0.005654613615755042
100462,Nicolas Estrada,nestrada71s,12345_7,5646.38,0.0062947037574614464
100463,Edward Robertson,erobertson90d,12345_6,6183.85,0.0013131633577727552
100464,Alicia Zimmerman,azimmerman90a,12345_6,7786.6,0.004682197921000823
100465,Andrew Rodriguez,arodriguez90w,12345_6,6771.09,0.0014043670167927268
100466,Alex Wells,awells51x,12345_4,6233.52,0.01818131316039064
100467,Elizabeth Thomas,ethomas60h,12345_9,6223.89,0.0135591820053838
100468,Pamela Melendez,pmelendez80a,12345_6,5923.34,0.013607510051204355
100469,Jimmy Chavez,jchavez62y,12345_5,7996.9,6.483082755588398e-05
100470,Monica Walton,mwalton60a,12345_6,7248.72,0.017200018304430777
100471,Charles Wright,cwright61s,12345_7,3908.21,0.01717286995294219
100472,Allen Ward,award42n,12345_5,7113.75,0.010579167355454456
100473,Sheila Graham,sgraham60a,12345_6,5803.18,0.004864046332306518
100474,Bradley Vincent,bvincent71y,12345_7,5659.43,0.010966451052726936
100475,Jacob Zamora,jzamora62b,12345_5,4929.52,0.014697331989987322
100476,Steven Moody,smoody50n,12345_6,2637.65,0.017156144561714087
100477,Shawn Bird,sbird42n,12345_5,6483.74,0.01340768942559692
100478,Barbara Glenn,bglenn51a,12345_7,7956.32,0.0017522869019417331
100479,Steven Schwartz,sschwartz80n,12345_6,6019.13,0.00321531258919618
100480,Joy Brown,jbrown50y,12345_3,5913.38,0.01924314895932822
100481,Daniel Park,dpark40l,12345_6,8293.06,0.013529699464709236
100482,Sean White,swhite51n,12345_4,3074.86,0.0032076953585134936
100483,Kelsey Smith,ksmith50y,12345_6,2927.19,0.012883343039359327
100484,Ashley Gilbert,agilbert70y,12345_6,6983.85,0.01766850861025626
100485,Cathy Rivers,crivers62y,12345_5,8084.85,0.005965525481206671
100486,Angela Guzman,aguzman60a,12345_6,5451.99,0.011056189248728438
100487,Matthew Day,mday31w,12345_7,3944.57,0.0126586695870166
100488,Randy West,rwest42y,12345_5,5700.97,0.019228293249824332
100489,Michael Gilbert,mgilbert71l,12345_7,8286.52,0.01200630864275411
100490,Gregory Leonard,gleonard71y,12345_7,8843.2,0.0016335523245874484
100491,Sarah Pearson,spearson72h,12345_5,4389.39,0.002781342507300535
100492,Michael Lopez,mlopez51l,12345_7,2934.09,0.009209915916010867
100493,Kristi Smith,ksmith50i,12345_6,8704.45,0.004948632131890914
100494,Matthew Walters,mwalters71w,12345_7,6010.56,0.0007145581529336043
100495,Tracey Smith,tsmith50y,12345_6,2205.92,0.0035053351682391653
100496,Keith Rivera,krivera62h,12345_5,5532.26,0.012021284859011012
100497,Kimberly Rowe,krowe42y,12345_8,5882.13,0.004174257502969181
100498,Dr. Nathaniel Rowe,dnathaniel90.,12345_3,8371.84,0.0022654647265557995
100499,Tina Martinez,tmartinez81a,12345_4,4641.37,4.753003603808148e-05
100500,Sarah Baldwin,sbaldwin72h,12345_5,6844.57,0.013293203070706153
100501,Rebekah Nelson,rnelson61h,12345_7,4538.86,0.017471340371725718
100502,Eddie Ortiz,eortiz52e,12345_5,5644.7,0.0014444290961541074
100503,Sherri Hodges,shodges60i,12345_6,3675.87,0.0026375688833070667
100504,Gabriel Bishop,gbishop61l,12345_7,4474.49,0.012529933207349553
100505,Karla Brown,kbrown52a,12345_5,9565.38,0.011139586891497862
100506,Kyle Bartlett,kbartlett81e,12345_4,7124.87,0.01914736360892915
100507,James Adams,jadams52s,12345_5,6305.15,0.002837873703604108
100508,Gregory Miller,gmiller61y,12345_7,4733.42,0.00825747124633177
100509,Devin Jackson,djackson72n,12345_5,4635.61,0.007781023680494223
100510,Cory Mendoza,cmendoza71y,12345_4,3925.8,0.01781732557889895
100511,Michael Gay,mgay31l,12345_7,7970.95,0.01596770391450238
100512,Diana Lynch,dlynch52a,12345_5,5676.42,0.012320550798415637
100513,Charles Fisher,cfisher61s,12345_7,2785.6,0.014554785093228138
100514,Daniel Whitaker,dwhitaker80l,12345_6,4827.07,0.007294377428572659
100515,Chad Williams,cwilliams81d,12345_4,3819.21,0.0004846271202977959
100516,Brenda Webb,bwebb40a,12345_6,4267.9,0.00926861113277906
100517,Kelly Haney,khaney52y,12345_5,5715.85,0.01139417930749083
100518,Tammy Webster,twebster72y,12345_5,8650.7,0.011489907864710306
100519,Steven Lee,slee30n,12345_6,6211.25,0.014646623590155077
100520,Corey Owens,cowens52y,12345_5,3690.02,0.009148573262880511
100521,Heather Patton,hpatton61r,12345_7,6891.74,0.005650665912869359
100522,Anita Barrett,abarrett72a,12345_5,7014.37,0.017782529491203715
100523,Alison Avila,aavila50n,12345_6,3573.41,0.0006409697761522427
100524,Toni Anderson,tanderson81i,12345_4,6182.05,0.003393993025831945
100525,William Cummings,wcummings81m,12345_7,5557.21,0.016538296585119797
100526,Donna Cummings,dcummings82a,12345_5,4654.34,0.01997018200417936
100527,Cheryl Coleman,ccoleman70l,12345_6,3803.69,0.0013908446780347662
100528,Alexis Peters,apeters60s,12345_6,8588.08,0.013266503656526365
100529,Sandra Reed,sreed40a,12345_6,5925.25,0.0047910832197846955
100530,Jennifer Strong,jstrong62r,12345_8,5096.95,0.017782028728331064
100531,David Hatfield MD,dhatfield82d,12345_5,9295.47,0.01653929588155405
100532,Michelle Lindsey,mlindsey72e,12345_8,5662.5,0.013112906842045427
100533,Wendy Olson,wolson52y,12345_5,4225.44,0.01937877985539791
100534,Amy Fletcher,afletcher80y,12345_3,7251.69,0.013600886017803588
100535,Mrs. Bonnie Hendrix,mbonnie61.,12345_4,2993.54,0.009840421687141306
100536,Kristen Jones,kjones51n,12345_7,5039.9,0.014043643230254442
100537,Ronnie Chen,rchen40e,12345_6,5655.9,0.0120023887181505
100538,Tina Jones,tjones51a,12345_4,3215.83,0.012998791061006208
100539,Adam Evans,aevans51m,12345_4,6053.94,0.0006721671047124645
100540,Stephen Jackson,sjackson71n,12345_7,6426.2,0.0026154539366280848
100541,Erin Rocha,erocha51n,12345_4,4604.81,0.012427425555070388
100542,Brittany Rice,brice42y,12345_8,7466.62,0.015790375667816835
100543,Tammy Bryant,tbryant62y,12345_5,6122.49,0.002874631059665556
100544,Justin Blackwell,jblackwell90n,12345_6,9352.66,0.010654371169387637
100545,Erica Bell,ebell42a,12345_5,5604.32,0.01294212324774971
100546,Bianca Lawrence,blawrence80a,12345_6,3808.08,0.0015145642021585904
100547,Erin Greene,egreene61n,12345_4,5116.32,0.007365187546655034
100548,Mr. Brian Smith,mbrian50.,12345_3,6379.86,0.014216863192454448
100549,Brian Smith,bsmith52n,12345_5,8051.44,0.01045616165523161
100550,Jennifer Buchanan,jbuchanan82r,12345_8,5781.53,0.00904131799395079
100551,Jacqueline Juarez,jjuarez61e,12345_10,7414.18,0.0034886629024382977
100552,Casey White,cwhite52y,12345_5,4889.6,0.016889009907266148
100553,Jacob Sullivan,jsullivan82b,12345_5,3520.64,0.010489149436422023
100554,Thomas Nunez,tnunez50s,12345_6,7079.07,0.009396742426696122
100555,Victoria Reyes,vreyes52a,12345_8,7891.44,0.014740225637003064
100556,William Mclean,wmclean61m,12345_7,6677.68,0.005669154065723292
100557,Lauren Allen,lallen50n,12345_6,5764.95,0.01243697149031084
100558,Juan Webb,jwebb41n,12345_4,5451.96,0.008291033980948957
100559,Chelsey Jimenez,cjimenez71y,12345_7,4046.49,0.00545067932307685
100560,Caroline Ellison,cellison72e,12345_8,6482.26,0.018871331812808017
100561,Natalie Powers,npowers61e,12345_7,7598.14,0.012877433376370255
100562,Andrea Tran,atran40a,12345_6,3098.15,0.00690489252198013
100563,Amy Lambert,alambert70y,12345_3,5149.04,0.005387831401098651
100564,Christopher Huang,chuang52r,12345_11,5515.29,0.0012960519425900996
100565,Kelly Garcia,kgarcia62y,12345_5,6799.04,0.006331104803039316
100566,Tammy Richards,trichards82y,12345_5,3909.51,0.013867525152421897
100567,Amber Adkins,aadkins62r,12345_5,3633.62,0.014947486369733799
100568,Garrett Young,gyoung51t,12345_7,4651.35,0.006838222002558596
100569,Daniel Simmons,dsimmons70l,12345_6,5148.6,0.0007796180389882634
100570,Aaron May,amay32n,12345_5,5248.43,0.0061191068036244994
100571,Jose Davila,jdavila61e,12345_4,6137.3,0.012104006428351601
100572,Michelle Vega,mvega42e,12345_8,7400.47,0.006602218103368525
100573,Michele Lowe,mlowe41e,12345_7,5350.7,0.008565843501571238
100574,Paula Collins,pcollins72a,12345_5,5738.15,0.0035881695507241564
100575,Kathleen Schaefer,kschaefer82n,12345_8,6544.09,0.0035238442836279084
100576,Christopher Cunningham,ccunningham102r,12345_11,5072.4,0.01839390692643439
100577,Keith Welch,kwelch52h,12345_5,7716.41,0.0062373172410523335
100578,Frank Hill,fhill42k,12345_5,6909.66,0.0025257172113862824
100579,Mckenzie Richards,mrichards82e,12345_8,6215.0,0.004203431902966486
100580,Kimberly Reed,kreed42y,12345_8,4206.63,0.006394215521793374
100581,Maureen Anderson,manderson81n,12345_7,5377.87,0.01533662947907458
100582,Gary Monroe,gmonroe61y,12345_4,3422.37,0.0071478787660529
100583,Katherine Roberts,kroberts70e,12345_9,4782.78,0.0008906612204492714
100584,Anthony Andersen,aandersen81y,12345_7,5183.66,0.0055208298535478414
100585,Donna Harrell,dharrell72a,12345_5,6140.08,0.0042048768112166734
100586,Austin Myers,amyers50n,12345_6,5180.08,0.0048097973361377
100587,Jeffery Ellis,jellis51y,12345_7,5624.37,0.007835017073551321
100588,Diana Lewis,dlewis52a,12345_5,8802.58,0.010044734834774962
100589,Katherine Garrett,kgarrett70e,12345_9,5166.78,0.017238213980580563
100590,David Holmes,dholmes62d,12345_5,6148.77,0.001926486285937503
100591,Timothy Elliott,telliott71y,12345_7,5355.23,0.012290984730788632
100592,Timothy Thomas,tthomas61y,12345_7,5592.94,0.019439516359358724
100593,Dustin Hodge,dhodge50n,12345_6,2548.21,0.011556056422553878
100594,William Serrano,wserrano71m,12345_7,7281.61,0.009853427167137942
100595,Chase Crane,ccrane52e,12345_5,7156.84,0.004579587343944045
100596,Lisa Johnson,ljohnson71a,12345_4,4299.17,0.0002143998699348515
100597,Stacey Barnes,sbarnes60y,12345_6,7162.82,0.01337449146966557
100598,Michelle Morrison,mmorrison82e,12345_8,7991.31,0.0039818020819649205
100599,James Stewart,jstewart72s,12345_5,4779.36,0.0027913281072512873
100600,Dr. Ronald Pittman,dronald60.,12345_3,7623.47,0.009159224266662718
100601,Megan Walker,mwalker62n,12345_5,6474.73,0.007138574491112979
100602,Anthony Golden,agolden61y,12345_7,6242.45,0.017646232156392373
100603,Victor Wilson,vwilson60r,12345_6,9844.73,0.018134760908139043
100604,Wendy Watson,wwatson62y,12345_5,5146.99,0.016448312135446716
100605,Barbara Phillips,bphillips81a,12345_7,4771.21,0.009531281112471576
100606,Lisa Jackson,ljackson71a,12345_4,3883.42,0.006503672426391489
100607,David Campbell,dcampbell82d,12345_5,6064.79,0.01259668131660498
100608,Kayla Gonzalez,kgonzalez82a,12345_5,9204.76,0.01895307993026462
100609,Emily Roberts,eroberts72y,12345_5,5067.69,0.0005795729946446749
100610,Troy White,twhite51y,12345_4,4310.94,0.0024012447621610876
100611,Charles Smith,csmith51s,12345_7,7861.66,0.008328494029239731
100612,Daniel Atkins,datkins60l,12345_6,4658.79,0.0189663281385602
100613,Susan Powers,spowers62n,12345_5,4939.36,0.015766399962648524
100614,Lori Jackson,ljackson71i,12345_4,6246.57,0.009883091818347374
100615,Natalie Bishop,nbishop61e,12345_7,5196.42,0.013192029829044303
100616,Joshua Pearson,jpearson70a,12345_6,4769.07,0.010053957777137442
100617,Donald Carter,dcarter60d,12345_6,6236.21,0.017650252250406936
100618,Tammy Carey,tcarey52y,12345_5,6093.37,0.014566323097246307
100619,Angel Jenkins,ajenkins72l,12345_5,6509.01,0.005864714338378192
100620,Christopher Perry,cperry52r,12345_11,4999.94,0.008740176258556703
100621,James Bright,jbright62s,12345_5,6841.82,0.009384799749349486
100622,Cynthia Cain,ccain41a,12345_7,6761.48,0.0027792506317030298
100623,Thomas Hopkins,thopkins70s,12345_6,7620.6,0.019771495768720348
100624,Samantha Sanchez,ssanchez72a,12345_8,7089.82,0.005770715031453806
100625,David Shepherd,dshepherd82d,12345_5,4040.28,0.006410472268116239
100626,Karen Rojas,krojas52n,12345_5,4223.44,0.01770246852047913
100627,Brent Castro,bcastro62t,12345_5,5730.95,0.014090164139598993
100628,Diana Schmidt,dschmidt72a,12345_5,6807.21,0.01075344251940793
100629,Eric Lowe,elowe41c,12345_4,3816.07,0.012635760127524607
100630,Steven Harris MD,sharris60n,12345_6,5582.13,0.015414188130691403
100631,Danny Elliott,delliott72y,12345_5,8381.81,0.01959431988693662
100632,Sabrina Silva,ssilva51a,12345_7,7488.68,0.011349112292013712
100633,Robert Christian,rchristian90t,12345_6,6439.45,0.01107269516269984
100634,Matthew White,mwhite51w,12345_7,4879.8,0.0198238341906588
100635,Anne Gomez,agomez51e,12345_4,4939.01,0.002801034504296995
100636,Robin Reed,rreed42n,12345_5,5738.63,0.01677354518216476
100637,Courtney Willis,cwillis62y,12345_8,7550.24,0.009556596743582127
100638,Guy Weaver,gweaver60y,12345_3,6769.35,0.01142619757130445
100639,Austin Chapman,achapman70n,12345_6,4665.51,0.009630376246971304
100640,Kayla Pugh,kpugh42a,12345_5,4308.39,0.016434844666308887
100641,Mrs. Jaime Cook,mjaime51.,12345_4,3074.74,0.0032606139666040692
100642,Amanda Jenkins,ajenkins70a,12345_6,5077.51,0.007423669107424282
100643,Tammie Copeland,tcopeland80e,12345_6,6446.63,0.007994073035626506
100644,Michele Shaw,mshaw41e,12345_7,8788.03,0.011145587194789693
100645,Hector Tucker,htucker60r,12345_6,7058.68,0.007176052831158908
100646,James Burke,jburke52s,12345_5,5120.6,0.0173094910466481
100647,Amanda Bowman,abowman60a,12345_6,7096.72,0.013801884161914002
100648,Katherine Fernandez,kfernandez90e,12345_9,7361.8,0.011189593826173133
100649,John Mcgee,jmcgee51n,12345_4,7599.84,0.016929024475370636
100650,Susan Robinson,srobinson82n,12345_5,5714.45,0.011344550116783982
100651,Gregory Garrison,ggarrison81y,12345_7,6144.46,0.006571741523262533
100652,Daniel Simpson,dsimpson70l,12345_6,7365.04,0.010043258187822557
100653,Jeremy Barton,jbarton60y,12345_6,5478.31,0.006553218836823871
100654,Vincent White,vwhite51t,12345_7,3414.94,0.017505646169324804
100655,Gina Cole,gcole41a,12345_4,4321.3,0.016277932442988054
100656,Jesse Adams,jadams52e,12345_5,4854.71,0.0013401511596701644
100657,Destiny Adams,dadams51y,12345_7,3996.19,0.013600991580338836
100658,Christopher Robinson,crobinson82r,12345_11,8287.05,0.012706974645781364
100659,Matthew Hodges,mhodges61w,12345_7,5911.11,0.01275161534968973
100660,Travis Price DDS,tprice50s,12345_6,2704.41,0.01886612262379286
100661,Paul Torres,ptorres61l,12345_4,8504.18,0.004220968941880134
100662,Michelle Richardson,mrichardson102e,12345_8,6431.67,0.01015783250867438
100663,Paul Flores,pflores61l,12345_4,10064.51,0.0017054914429604606
100664,Jose Matthews,jmatthews81e,12345_4,3558.89,0.01916383010469995
100665,Laura Jones,ljones52a,12345_5,4574.36,0.014953619831756686
100666,Robert Wilson,rwilson60t,12345_6,5896.35,0.004534540990097409
100667,Diana Bowman,dbowman62a,12345_5,5228.67,0.01697992266189952
100668,Melanie Pacheco,mpacheco71e,12345_7,6790.67,0.00040526622978242165
100669,Christopher Diaz,cdiaz42r,12345_11,1153.78,0.0020399126160685023
100670,Diana Wilson,dwilson62a,12345_5,4155.0,0.01705931872118235
100671,Angel Gordon,agordon62l,12345_5,4963.37,0.0021370200042253452
100672,Sandra Davis,sdavis50a,12345_6,3953.74,0.01884191722923122
100673,Valerie Vazquez,vvazquez71e,12345_7,8908.87,0.011827930931485906
100674,Nancy Clayton,nclayton72y,12345_5,5800.51,0.00976908952551245
100675,Jessica Smith,jsmith51a,12345_7,4581.19,0.0037496952544556206
100676,William Shields,wshields71m,12345_7,7267.96,0.0031750873767249187
100677,Mary Swanson,mswanson71y,12345_4,4450.7,0.006511333805340896
100678,Jose Hernandez,jhernandez91e,12345_4,5487.21,0.009487915490407653
100679,Dennis Cole,dcole40s,12345_6,8859.6,0.016383178157071018
100680,Kimberly Alvarado,kalvarado82y,12345_8,3804.7,0.0009001405585326139
100681,Wendy Bennett,wbennett72y,12345_5,6044.68,0.006617188393017277
100682,Jessica Dean,jdean41a,12345_7,7079.7,0.013395692668189628
100683,Wanda Myers,wmyers52a,12345_5,2007.21,0.019469362452539808
100684,Johnny Parker,jparker60y,12345_6,5647.98,0.01689782642088712
100685,Johnathan Pacheco,jpacheco70n,12345_9,7798.75,0.0015314005846930256
100686,Kelly Sparks,ksparks62y,12345_5,7386.46,0.01479257927784233
100687,Julie Banks,jbanks52e,12345_5,4878.95,0.007343498722476605
100688,Timothy Page,tpage41y,12345_7,5070.91,0.01707947285983491
100689,David Mclean,dmclean62d,12345_5,1805.49,0.008581713719131984
100690,Mark Reed,mreed41k,12345_4,2448.79,0.01228705491719594
100691,Roberto Davis,rdavis51o,12345_7,3522.35,0.016570299212714672
100692,Kristin Bell,kbell41n,12345_7,7807.61,0.012085087640175587
100693,Paula Baker,pbaker52a,12345_5,7159.14,0.007682829455579914
100694,Ryan Williams,rwilliams81n,12345_4,5249.77,0.01295012040745773
100695,Erin Wolf,ewolf41n,12345_4,8679.29,0.014789322373808414
100696,Christopher Rosales,crosales72r,12345_11,6868.41,0.01390722184260807
100697,Jamie Evans,jevans52e,12345_5,6181.98,0.013468197260591397
100698,Kimberly Kelley,kkelley62y,12345_8,4008.94,0.0026774142223217035
100699,Nicole Davis,ndavis50e,12345_6,6282.96,0.004133093799059849
100700,Walter Kline,wkline50r,12345_6,3968.96,0.01893600977799257
100701,Jeffrey Chavez,jchavez61y,12345_7,6491.12,0.006905746225458784
100702,Anthony Rogers,arogers61y,12345_7,4814.7,0.01816300758194601
100703,Joyce West,jwest42e,12345_5,6419.64,0.01147287788507027
100704,Joshua Manning,jmanning70a,12345_6,8799.98,0.011184296290240755
100705,Travis Pena,tpena40s,12345_6,2739.34,0.007430228322641448
100706,Kaitlin Gilbert,kgilbert71n,12345_7,6665.8,0.014379937651834231
100707,Mrs. Amber Mata,mamber51.,12345_4,5843.75,0.0035485044468925022
100708,Gabrielle Sanders,gsanders70e,12345_9,4888.28,0.006332995128101695
100709,Douglas Lopez,dlopez51s,12345_7,3932.28,0.004000897306167294
100710,Hannah Yoder,hyoder50h,12345_6,4035.24,0.0028175425979332334
100711,Destiny Glass,dglass51y,12345_7,5335.53,0.0014638662197661745
100712,Kirk Goodman,kgoodman71k,12345_4,5414.43,0.005602994257255198
100713,Kyle Moran,kmoran51e,12345_4,5937.08,0.0014311108726239863
100714,Donald Terrell,dterrell70d,12345_6,8319.96,0.010603590754618706
100715,Amanda Martinez,amartinez80a,12345_6,2779.94,0.016583439652741668
100716,Kurt Barrera,kbarrera71t,12345_4,9353.82,0.018923004844204908
100717,Scott Bennett,sbennett72t,12345_5,6033.45,0.00265455610236669
100718,Allison Quinn,aquinn51n,12345_7,4477.94,0.001667012643772825
100719,Crystal Ramos,cramos51l,12345_7,7098.81,0.013821520493398945
100720,Summer Nguyen,snguyen60r,12345_6,5878.31,0.007136235001750886
100721,Amanda Chapman,achapman70a,12345_6,8272.92,0.0017282830530693195
100722,Eric Odonnell,eodonnell81c,12345_4,3759.57,0.003459058523935148
100723,Jason Perkins,jperkins72n,12345_5,6335.03,0.0030419695297124916
100724,Daniel Burke,dburke50l,12345_6,5997.95,0.017941761251642784
100725,Laura Ramirez,lramirez72a,12345_5,7660.79,0.0025047637714852434
100726,Deanna Kline,dkline50a,12345_6,4510.36,0.0008801932308582106
100727,Louis Wood,lwood42s,12345_5,7182.45,0.0009148021008772078
100728,Patrick Suarez,psuarez61k,12345_7,6069.88,0.004318638055548005
100729,Steven Gibson,sgibson60n,12345_6,9872.49,0.0014235543176248666
100730,Vanessa Moss,vmoss41a,12345_7,4394.2,0.008228506555973047
100731,Jamie Gonzalez,jgonzalez82e,12345_5,6502.15,0.0036312591663278204
100732,Dawn Griffin,dgriffin71n,12345_4,5569.33,0.019417141114856717
100733,Tonya Stewart,tstewart72a,12345_5,4802.91,0.004827790710046376
100734,Amanda Palmer,apalmer60a,12345_6,5856.08,0.014626588169016219
100735,Christine Morris,cmorris60e,12345_9,7844.59,0.013293692288339083
100736,Steven Wang,swang40n,12345_6,5272.06,0.009067492695771735
100737,Troy Vasquez,tvasquez71y,12345_4,4977.15,0.005191500184280764
100738,Sharon Young,syoung50n,12345_6,6969.35,0.013155340135176437
100739,Jason Cortez,jcortez62n,12345_5,9839.92,0.0057821968121212946
100740,Megan Brown,mbrown52n,12345_5,5615.26,0.004767602957263864
100741,Morgan Dixon,mdixon50n,12345_6,8381.36,0.01605296530879374
100742,John Parker,jparker61n,12345_4,3372.99,0.018727598141091185
100743,Michele Johnson,mjohnson71e,12345_7,6570.92,0.007793335586571835
100744,Kevin Nguyen,knguyen62n,12345_5,3413.26,0.01826542797689096
100745,Thomas Montoya,tmontoya70s,12345_6,3777.37,0.005985521592774044
100746,Ricky Acevedo,racevedo72y,12345_5,5177.21,0.01060208164398243
100747,Joshua Murray,jmurray60a,12345_6,4178.18,0.0009652319665490028
100748,Carl Johnson,cjohnson71l,12345_4,6039.91,0.0018475681049202786
100749,Melissa Davis,mdavis51a,12345_7,7785.31,0.017960894955090904
100750,Tiffany Combs,tcombs51y,12345_7,4600.02,0.012913853917744618
100751,John Davis,jdavis51n,12345_4,5931.0,0.008197097361299276
100752,Dr. Joseph Armstrong,djoseph60.,12345_3,5414.19,0.008607181733572179
100753,David Perkins,dperkins72d,12345_5,6180.65,0.017649081970727853
100754,Amanda Barker,abarker60a,12345_6,4238.25,0.009877421725437126
100755,Jeffrey Wood,jwood41y,12345_7,6936.07,0.006767109849048263
100756,Robert Cox,rcox30t,12345_6,6059.76,0.002657556493953439
100757,Allison Collins DVM,acollins71n,12345_7,4187.36,0.0020210033718566912
100758,Elizabeth Freeman,efreeman70h,12345_9,3696.61,0.016072295639999575
100759,Christy Davis,cdavis51y,12345_7,4862.56,0.001649003265100093
100760,Melissa Green,mgreen51a,12345_7,6402.21,0.005736279981533652
100761,Karen Foley,kfoley52n,12345_5,6369.05,0.014612241903767255
100762,Mary Ponce,mponce51y,12345_4,5650.98,0.01011338457654846
100763,Jennifer Gillespie,jgillespie92r,12345_8,4584.96,0.017923316414921116
100764,Michael Jordan,mjordan61l,12345_7,6524.13,0.011077886968047764
100765,Elizabeth Romero,eromero60h,12345_9,4965.49,0.004429650509179441
100766,Thomas Greer,tgreer50s,12345_6,5674.8,0.009160242226483855
100767,Sarah Perkins,sperkins72h,12345_5,5595.05,0.016510469206058993
100768,Donna White,dwhite52a,12345_5,6991.89,0.00809323262092047
100769,Ryan Manning,rmanning71n,12345_4,5900.38,0.017897392631593245
100770,Michael Garcia,mgarcia61l,12345_7,8981.46,0.0077028452930492765
100771,Audrey Cooper,acooper60y,12345_6,7230.97,0.004711838922107916
100772,Jeanette Rowe,jrowe42e,12345_8,5277.75,0.009751323184531265
100773,Lydia Mata,lmata42a,12345_5,5960.89,0.019096365243698166
100774,Katie Hayes,khayes52e,12345_5,4859.95,0.003769650369144837
100775,Donna Allen,dallen52a,12345_5,7926.76,0.008575158630783895
100776,Kathleen Li,kli22n,12345_8,3553.85,0.01770955412985216
100777,Marie Dunn,mdunn42e,12345_5,8291.22,0.013777906108932567
100778,Gina Young,gyoung51a,12345_4,5622.77,0.01730502384430902
100779,Eric Hayes,ehayes51c,12345_4,4788.32,0.010653524030532309
100780,Amy Lynch,alynch50y,12345_3,9260.86,0.013924773295348579
100781,Shawn Crosby,scrosby62n,12345_5,5413.68,0.016349168162753645
100782,Jared Phelps,jphelps62d,12345_5,3298.88,0.005689502809540905
100783,Justin Andrews,jandrews70n,12345_6,4801.08,0.004722343850285296
100784,Brian Anderson,banderson82n,12345_5,2593.94,0.011663919267188048
100785,Jorge Gonzales,jgonzales82e,12345_5,7119.54,0.010658223203270725
100786,Melissa Perez,mperez51a,12345_7,6833.99,0.015001298821784043
100787,Martha Lane,mlane40a,12345_6,7439.81,0.017786327056358506
100788,Scott Reed,sreed42t,12345_5,9116.93,0.002707547054070194
100789,Sarah Pugh,spugh42h,12345_5,7976.81,0.003290788611818216
100790,Molly George,mgeorge62y,12345_5,5369.12,0.018410383839961398
100791,Cheyenne Walsh,cwalsh52e,12345_8,6052.16,0.003029687179745979
100792,Alan Conley,aconley61n,12345_4,8944.04,0.015387796729515546
100793,Keith Roberts,kroberts72h,12345_5,6809.9,0.015333833708732755
100794,Fred Lewis,flewis51d,12345_4,4265.56,0.006947149311167644
100795,Sara Brown,sbrown51a,12345_4,5683.68,0.009161281178256639
100796,Renee Allen,rallen52e,12345_5,5768.84,0.0027112177764519775
100797,Jeremy Hays,jhays40y,12345_6,5861.39,0.008696758005668975
100798,Michael Campbell,mcampbell81l,12345_7,6274.81,0.013509752783979785
100799,Rebecca Ward,rward41a,12345_7,9378.27,0.007947209221263478
